Position,Name + ID,Name,ID,Roster Position,Salary,Game Info,TeamAbbrev,AvgPointsPerGame
SP,Kenta Maeda (12739827),Kenta Maeda,12739827,P,10300,PHI@LAD 05/31/2019 10:10PM ET,LAD,17.72
SP,Brad Peacock (12739847),Brad Peacock,12739847,P,9900,HOU@OAK 05/31/2019 10:07PM ET,HOU,16.72
SP,Garrett Richards (12739887),Garrett Richards,12739887,P,9900,MIA@SD 05/31/2019 10:10PM ET,SD,0
SP,Forrest Whitley (12740262),Forrest Whitley,12740262,P,9800,HOU@OAK 05/31/2019 10:07PM ET,HOU,0
SP,Caleb Smith (12740133),Caleb Smith,12740133,P,9700,MIA@SD 05/31/2019 10:10PM ET,MIA,19.18
SP,Jesus Luzardo (12740270),Jesus Luzardo,12740270,P,9400,HOU@OAK 05/31/2019 10:07PM ET,OAK,0
SP,Jose Suarez (12740212),Jose Suarez,12740212,P,9200,LAA@SEA 05/31/2019 10:10PM ET,LAA,0
SP,Andrew Triggs (12739981),Andrew Triggs,12739981,P,8900,HOU@OAK 05/31/2019 10:07PM ET,OAK,0
SP,Logan Allen (12740234),Logan Allen,12740234,P,8800,MIA@SD 05/31/2019 10:10PM ET,SD,0
SP,Joey Lucchesi (12740269),Joey Lucchesi,12740269,P,8800,MIA@SD 05/31/2019 10:10PM ET,SD,15.88
SP,John Lamb (12739863),John Lamb,12739863,P,8800,LAA@SEA 05/31/2019 10:10PM ET,LAA,0
SP,Lance McCullers Jr. (12740060),Lance McCullers Jr.,12740060,P,8600,HOU@OAK 05/31/2019 10:07PM ET,HOU,0
SP,Jake Arrieta (12739831),Jake Arrieta,12739831,P,8600,PHI@LAD 05/31/2019 10:10PM ET,PHI,16.64
SP,Yadier Alvarez (12740209),Yadier Alvarez,12740209,P,8600,PHI@LAD 05/31/2019 10:10PM ET,LAD,0
SP,Tyler Skaggs (12739886),Tyler Skaggs,12739886,P,8400,LAA@SEA 05/31/2019 10:10PM ET,LAA,14.53
SP,Jharel Cotton (12740042),Jharel Cotton,12740042,P,8300,HOU@OAK 05/31/2019 10:07PM ET,OAK,0
SP,Jacob Nix (12740171),Jacob Nix,12740171,P,8300,MIA@SD 05/31/2019 10:10PM ET,SD,0
SP,Sean Manaea (12740097),Sean Manaea,12740097,P,8200,HOU@OAK 05/31/2019 10:07PM ET,OAK,0
SP,Grant Holmes (12740163),Grant Holmes,12740163,P,8100,HOU@OAK 05/31/2019 10:07PM ET,OAK,0
SP,Rogelio Armenteros (12740245),Rogelio Armenteros,12740245,P,8100,HOU@OAK 05/31/2019 10:07PM ET,HOU,0
SP,Brett Kennedy (12740238),Brett Kennedy,12740238,P,8100,MIA@SD 05/31/2019 10:10PM ET,SD,0
SP,Dallas Keuchel (12739898),Dallas Keuchel,12739898,P,7900,HOU@OAK 05/31/2019 10:07PM ET,HOU,0
SP,JoJo Romero (12740268),JoJo Romero,12740268,P,7900,PHI@LAD 05/31/2019 10:10PM ET,PHI,0
SP,Mike Fiers (12739910),Mike Fiers,12739910,P,7700,HOU@OAK 05/31/2019 10:07PM ET,OAK,11.79
SP,Justin Dunn (12740132),Justin Dunn,12740132,P,7700,LAA@SEA 05/31/2019 10:10PM ET,SEA,0
SP,Ariel Miranda (12740246),Ariel Miranda,12740246,P,7700,LAA@SEA 05/31/2019 10:10PM ET,SEA,0
SP,Adonis Medina (12740199),Adonis Medina,12740199,P,7600,PHI@LAD 05/31/2019 10:10PM ET,PHI,0
SP,Dustin May (12740271),Dustin May,12740271,P,7600,PHI@LAD 05/31/2019 10:10PM ET,LAD,0
SP,Brandon Bielak (12740258),Brandon Bielak,12740258,P,7500,HOU@OAK 05/31/2019 10:07PM ET,HOU,0
SP,Jordan Yamamoto (12740174),Jordan Yamamoto,12740174,P,7500,MIA@SD 05/31/2019 10:10PM ET,MIA,0
SP,Daniel Gossett (12740028),Daniel Gossett,12740028,P,7400,HOU@OAK 05/31/2019 10:07PM ET,OAK,0
SP,Nick Neidert (12740228),Nick Neidert,12740228,P,7400,MIA@SD 05/31/2019 10:10PM ET,MIA,0
SP,Robert Dugger (12740275),Robert Dugger,12740275,P,7300,MIA@SD 05/31/2019 10:10PM ET,MIA,0
SP,J.B. Bukauskas (12740180),J.B. Bukauskas,12740180,P,7200,HOU@OAK 05/31/2019 10:07PM ET,HOU,0
SP,Ranger Suarez (12740089),Ranger Suarez,12740089,P,7100,PHI@LAD 05/31/2019 10:10PM ET,PHI,0
SP,Dietrich Enns (12740007),Dietrich Enns,12740007,P,7000,MIA@SD 05/31/2019 10:10PM ET,SD,0
SP,Zac Gallen (12740200),Zac Gallen,12740200,P,7000,MIA@SD 05/31/2019 10:10PM ET,MIA,0
SP,Phil Hughes (12739791),Phil Hughes,12739791,P,6700,MIA@SD 05/31/2019 10:10PM ET,SD,0
SP,Jordan Holloway (12740179),Jordan Holloway,12740179,P,6600,MIA@SD 05/31/2019 10:10PM ET,MIA,0
SP,Paul Blackburn (12740064),Paul Blackburn,12740064,P,6500,HOU@OAK 05/31/2019 10:07PM ET,OAK,0
SP,Tony Gonsolin (12740273),Tony Gonsolin,12740273,P,6400,PHI@LAD 05/31/2019 10:10PM ET,LAD,0
SP,Bryan Mitchell (12739904),Bryan Mitchell,12739904,P,6300,MIA@SD 05/31/2019 10:10PM ET,SD,0
SP,Jorge Guzman (12740215),Jorge Guzman,12740215,P,6000,MIA@SD 05/31/2019 10:10PM ET,MIA,0
SP,Luis Madero (12740158),Luis Madero,12740158,P,6000,LAA@SEA 05/31/2019 10:10PM ET,LAA,0
SP,Parker Bridwell (12739971),Parker Bridwell,12739971,P,5900,HOU@OAK 05/31/2019 10:07PM ET,OAK,0
SP,Mike Leake (12739819),Mike Leake,12739819,P,5900,LAA@SEA 05/31/2019 10:10PM ET,SEA,11.81
SP,Ricardo Sanchez (12740196),Ricardo Sanchez,12740196,P,5900,LAA@SEA 05/31/2019 10:10PM ET,SEA,0
1B/OF,Cody Bellinger (12740116),Cody Bellinger,12740116,1B/OF,5800,PHI@LAD 05/31/2019 10:10PM ET,LAD,12.82
OF,Mike Trout (12739884),Mike Trout,12739884,OF,5700,LAA@SEA 05/31/2019 10:10PM ET,LAA,10.48
SP,Jesus Castillo (12740057),Jesus Castillo,12740057,P,5700,LAA@SEA 05/31/2019 10:10PM ET,LAA,0
OF,Joc Pederson (12739975),Joc Pederson,12739975,OF,5300,PHI@LAD 05/31/2019 10:10PM ET,LAD,8.84
SP,Norge Ruiz (12740145),Norge Ruiz,12740145,P,4900,HOU@OAK 05/31/2019 10:07PM ET,OAK,0
SS,Fernando Tatis Jr. (12740276),Fernando Tatis Jr.,12740276,SS,4900,MIA@SD 05/31/2019 10:10PM ET,SD,9.3
2B,Jose Altuve (12739873),Jose Altuve,12739873,2B,4800,HOU@OAK 05/31/2019 10:07PM ET,HOU,7.87
OF,Hunter Renfroe (12739983),Hunter Renfroe,12739983,OF,4800,MIA@SD 05/31/2019 10:10PM ET,SD,7.41
RP,Kyle Keller (12740242),Kyle Keller,12740242,P,4700,MIA@SD 05/31/2019 10:10PM ET,MIA,0
RP,Josh Sborz (12740156),Josh Sborz,12740156,P,4600,PHI@LAD 05/31/2019 10:10PM ET,LAD,0
2B/3B,Tommy La Stella (12740023),Tommy La Stella,12740023,2B/3B,4600,LAA@SEA 05/31/2019 10:10PM ET,LAA,8.06
RP,Dean Deetz (12740172),Dean Deetz,12740172,P,4500,HOU@OAK 05/31/2019 10:07PM ET,HOU,0
RP,Edward Paredes (12739830),Edward Paredes,12739830,P,4500,PHI@LAD 05/31/2019 10:10PM ET,PHI,0
1B,Daniel Vogelbach (12740015),Daniel Vogelbach,12740015,1B,4500,LAA@SEA 05/31/2019 10:10PM ET,SEA,8.64
RP,Gerson Bautista (12740102),Gerson Bautista,12740102,P,4500,LAA@SEA 05/31/2019 10:10PM ET,SEA,0
3B,Alex Bregman (12740087),Alex Bregman,12740087,3B,4400,HOU@OAK 05/31/2019 10:07PM ET,HOU,9.78
1B/2B,Max Muncy (12739918),Max Muncy,12739918,1B/2B,4400,PHI@LAD 05/31/2019 10:10PM ET,LAD,8.05
RP,Bryan Abreu (12740162),Bryan Abreu,12740162,P,4300,HOU@OAK 05/31/2019 10:07PM ET,HOU,0
OF,Andrew McCutchen (12739793),Andrew McCutchen,12739793,OF,4300,PHI@LAD 05/31/2019 10:10PM ET,PHI,8.94
RP,Josh Fields (12739832),Josh Fields,12739832,P,4300,PHI@LAD 05/31/2019 10:10PM ET,LAD,0
RP,James Pazos (12739920),James Pazos,12739920,P,4300,PHI@LAD 05/31/2019 10:10PM ET,PHI,0
2B,Dee Gordon (12739860),Dee Gordon,12739860,2B,4300,LAA@SEA 05/31/2019 10:10PM ET,SEA,6.96
OF,Khris Davis (12739825),Khris Davis,12739825,OF,4200,HOU@OAK 05/31/2019 10:07PM ET,OAK,8.1
1B,Rhys Hoskins (12740154),Rhys Hoskins,12740154,1B,4200,PHI@LAD 05/31/2019 10:10PM ET,PHI,9.46
OF,Franchy Cordero (12740053),Franchy Cordero,12740053,OF,4200,MIA@SD 05/31/2019 10:10PM ET,SD,4
OF,Mitch Haniger (12739913),Mitch Haniger,12739913,OF,4200,LAA@SEA 05/31/2019 10:10PM ET,SEA,9.14
OF,Domingo Santana (12739924),Domingo Santana,12739924,OF,4200,LAA@SEA 05/31/2019 10:10PM ET,SEA,8.87
OF,Kole Calhoun (12739951),Kole Calhoun,12739951,OF,4200,LAA@SEA 05/31/2019 10:10PM ET,LAA,8.56
RP,Sam Tuivailala (12739968),Sam Tuivailala,12739968,P,4200,LAA@SEA 05/31/2019 10:10PM ET,SEA,0
RP,Keynan Middleton (12740115),Keynan Middleton,12740115,P,4200,LAA@SEA 05/31/2019 10:10PM ET,LAA,0
OF,Michael Brantley (12739798),Michael Brantley,12739798,OF,4100,HOU@OAK 05/31/2019 10:07PM ET,HOU,9.07
3B,Justin Turner (12739818),Justin Turner,12739818,3B,4100,PHI@LAD 05/31/2019 10:10PM ET,LAD,7.76
OF,Bryce Harper (12739958),Bryce Harper,12739958,OF,4100,PHI@LAD 05/31/2019 10:10PM ET,PHI,8.93
1B,Eric Hosmer (12739854),Eric Hosmer,12739854,1B,4100,MIA@SD 05/31/2019 10:10PM ET,SD,7.78
1B,Edwin Encarnacion (12739765),Edwin Encarnacion,12739765,1B,4100,LAA@SEA 05/31/2019 10:10PM ET,SEA,8.44
OF,Mallex Smith (12740032),Mallex Smith,12740032,OF,4100,LAA@SEA 05/31/2019 10:10PM ET,SEA,7.32
1B/3B,Ryon Healy (12740049),Ryon Healy,12740049,1B/3B,4100,LAA@SEA 05/31/2019 10:10PM ET,SEA,7
3B/OF,David Fletcher (12740206),David Fletcher,12740206,3B/OF,4100,LAA@SEA 05/31/2019 10:10PM ET,LAA,7.09
RP,Kyle Lobstein (12739858),Kyle Lobstein,12739858,P,4000,HOU@OAK 05/31/2019 10:07PM ET,OAK,0
RP,Dean Kiekhefer (12739940),Dean Kiekhefer,12739940,P,4000,HOU@OAK 05/31/2019 10:07PM ET,OAK,0
SP,James Kaprielian (12740082),James Kaprielian,12740082,P,4000,HOU@OAK 05/31/2019 10:07PM ET,OAK,0
RP,Kyle Crockett (12740091),Kyle Crockett,12740091,P,4000,HOU@OAK 05/31/2019 10:07PM ET,OAK,0
RP,Francis Martes (12740106),Francis Martes,12740106,P,4000,HOU@OAK 05/31/2019 10:07PM ET,HOU,0
3B,Matt Chapman (12740164),Matt Chapman,12740164,3B,4000,HOU@OAK 05/31/2019 10:07PM ET,OAK,8.66
SP,Cristian Javier (12740230),Cristian Javier,12740230,P,4000,HOU@OAK 05/31/2019 10:07PM ET,HOU,0
RP,Tanner Anderson (12740237),Tanner Anderson,12740237,P,4000,HOU@OAK 05/31/2019 10:07PM ET,OAK,0
RP,Cionel Perez (12740279),Cionel Perez,12740279,P,4000,HOU@OAK 05/31/2019 10:07PM ET,HOU,0
RP,Pedro Beato (12739811),Pedro Beato,12739811,P,4000,PHI@LAD 05/31/2019 10:10PM ET,PHI,0
RP,Josh Smoker (12739833),Josh Smoker,12739833,P,4000,PHI@LAD 05/31/2019 10:10PM ET,LAD,0
RP,Jeremy Bleich (12739857),Jeremy Bleich,12739857,P,4000,PHI@LAD 05/31/2019 10:10PM ET,PHI,0
RP,Daniel Corcino (12739925),Daniel Corcino,12739925,P,4000,PHI@LAD 05/31/2019 10:10PM ET,LAD,0
C,J.T. Realmuto (12739967),J.T. Realmuto,12739967,C,4000,PHI@LAD 05/31/2019 10:10PM ET,PHI,7.77
RP,Kevin Quackenbush (12740022),Kevin Quackenbush,12740022,P,4000,PHI@LAD 05/31/2019 10:10PM ET,LAD,0
RP,Adam McCreery (12740033),Adam McCreery,12740033,P,4000,PHI@LAD 05/31/2019 10:10PM ET,LAD,0
SS,Corey Seager (12740066),Corey Seager,12740066,SS,4000,PHI@LAD 05/31/2019 10:10PM ET,LAD,7.26
RP,Layne Somsen (12740124),Layne Somsen,12740124,P,4000,PHI@LAD 05/31/2019 10:10PM ET,LAD,0
SP,Mitch White (12740267),Mitch White,12740267,P,4000,PHI@LAD 05/31/2019 10:10PM ET,LAD,0
RP,Carlos Torres (12739788),Carlos Torres,12739788,P,4000,MIA@SD 05/31/2019 10:10PM ET,SD,0
1B,Neil Walker (12739789),Neil Walker,12739789,1B,4000,MIA@SD 05/31/2019 10:10PM ET,MIA,5.49
1B/OF,Wil Myers (12739889),Wil Myers,12739889,1B/OF,4000,MIA@SD 05/31/2019 10:10PM ET,SD,6.67
RP,Ryan Bollinger (12739923),Ryan Bollinger,12739923,P,4000,MIA@SD 05/31/2019 10:10PM ET,SD,0
C,Jorge Alfaro (12739997),Jorge Alfaro,12739997,C,4000,MIA@SD 05/31/2019 10:10PM ET,MIA,6.81
RP,R.J. Alvarez (12740003),R.J. Alvarez,12740003,P,4000,MIA@SD 05/31/2019 10:10PM ET,MIA,0
RP,Kazuhisa Makita (12740009),Kazuhisa Makita,12740009,P,4000,MIA@SD 05/31/2019 10:10PM ET,SD,0
RP,Brett Graves (12740039),Brett Graves,12740039,P,4000,MIA@SD 05/31/2019 10:10PM ET,MIA,0
RP,Merandy Gonzalez (12740112),Merandy Gonzalez,12740112,P,4000,MIA@SD 05/31/2019 10:10PM ET,MIA,0
RP,Ben Meyer (12740155),Ben Meyer,12740155,P,4000,MIA@SD 05/31/2019 10:10PM ET,MIA,0
RP,Jeff Brigham (12740170),Jeff Brigham,12740170,P,4000,MIA@SD 05/31/2019 10:10PM ET,MIA,0
RP,Eric Stout (12740175),Eric Stout,12740175,P,4000,MIA@SD 05/31/2019 10:10PM ET,SD,0
RP,Kyle McGrath (12740191),Kyle McGrath,12740191,P,4000,MIA@SD 05/31/2019 10:10PM ET,SD,0
SP,Anderson Espinoza (12740217),Anderson Espinoza,12740217,P,4000,MIA@SD 05/31/2019 10:10PM ET,SD,0
RP,Jim Johnson (12739769),Jim Johnson,12739769,P,4000,LAA@SEA 05/31/2019 10:10PM ET,LAA,0
1B/OF,Jay Bruce (12739794),Jay Bruce,12739794,1B/OF,4000,LAA@SEA 05/31/2019 10:10PM ET,SEA,7.74
C,Jonathan Lucroy (12739829),Jonathan Lucroy,12739829,C,4000,LAA@SEA 05/31/2019 10:10PM ET,LAA,6.84
RP,JC Ramirez (12739846),JC Ramirez,12739846,P,4000,LAA@SEA 05/31/2019 10:10PM ET,LAA,0
OF,Brian Goodwin (12739907),Brian Goodwin,12739907,OF,4000,LAA@SEA 05/31/2019 10:10PM ET,LAA,6.86
RP,Deck McGuire (12739962),Deck McGuire,12739962,P,4000,LAA@SEA 05/31/2019 10:10PM ET,LAA,0
RP,Tyler Danish (12740114),Tyler Danish,12740114,P,4000,LAA@SEA 05/31/2019 10:10PM ET,SEA,0
RP,Greg Mahle (12740181),Greg Mahle,12740181,P,4000,LAA@SEA 05/31/2019 10:10PM ET,LAA,0
RP,Art Warren (12740239),Art Warren,12740239,P,4000,LAA@SEA 05/31/2019 10:10PM ET,SEA,0
RP,Wyatt Mills (12740274),Wyatt Mills,12740274,P,4000,LAA@SEA 05/31/2019 10:10PM ET,SEA,0
SP,Logan Gilbert (12740283),Logan Gilbert,12740283,P,4000,LAA@SEA 05/31/2019 10:10PM ET,SEA,0
1B,Matt Olson (12740061),Matt Olson,12740061,1B,3900,HOU@OAK 05/31/2019 10:07PM ET,OAK,8.5
SS,Jean Segura (12739881),Jean Segura,12739881,SS,3900,PHI@LAD 05/31/2019 10:10PM ET,PHI,8.78
3B/OF,Jon Berti (12740029),Jon Berti,12740029,3B/OF,3900,MIA@SD 05/31/2019 10:10PM ET,MIA,5.14
OF,Justin Upton (12739807),Justin Upton,12739807,OF,3900,LAA@SEA 05/31/2019 10:10PM ET,LAA,0
1B/2B,Aledmys Diaz (12740143),Aledmys Diaz,12740143,1B/2B,3800,HOU@OAK 05/31/2019 10:07PM ET,HOU,7.06
OF,A.J. Pollock (12739883),A.J. Pollock,12739883,OF,3800,PHI@LAD 05/31/2019 10:10PM ET,LAD,6.14
OF,Alex Verdugo (12740167),Alex Verdugo,12740167,OF,3800,PHI@LAD 05/31/2019 10:10PM ET,LAD,6.26
OF,Franmil Reyes (12740054),Franmil Reyes,12740054,OF,3800,MIA@SD 05/31/2019 10:10PM ET,SD,6.89
C,Omar Narvaez (12739926),Omar Narvaez,12739926,C,3800,LAA@SEA 05/31/2019 10:10PM ET,SEA,7
SS,Andrelton Simmons (12739969),Andrelton Simmons,12739969,SS,3800,LAA@SEA 05/31/2019 10:10PM ET,LAA,7.39
OF,Shohei Ohtani (12740101),Shohei Ohtani,12740101,OF,3800,LAA@SEA 05/31/2019 10:10PM ET,LAA,6.32
C,Josh Phegley (12739885),Josh Phegley,12739885,C,3700,HOU@OAK 05/31/2019 10:07PM ET,OAK,7.12
OF,Jake Marisnick (12739893),Jake Marisnick,12739893,OF,3700,HOU@OAK 05/31/2019 10:07PM ET,HOU,5.67
1B/OF,Mark Canha (12739943),Mark Canha,12739943,1B/OF,3700,HOU@OAK 05/31/2019 10:07PM ET,OAK,7.34
SS,Marcus Semien (12739950),Marcus Semien,12739950,SS,3700,HOU@OAK 05/31/2019 10:07PM ET,OAK,8.11
2B,Cesar Hernandez (12739916),Cesar Hernandez,12739916,2B,3700,PHI@LAD 05/31/2019 10:10PM ET,PHI,7.67
OF,Roman Quinn (12740014),Roman Quinn,12740014,OF,3700,PHI@LAD 05/31/2019 10:10PM ET,PHI,2.43
2B/3B,Greg Garcia (12739954),Greg Garcia,12739954,2B/3B,3700,MIA@SD 05/31/2019 10:10PM ET,SD,4.65
3B/SS,Manny Machado (12739960),Manny Machado,12739960,3B/SS,3700,MIA@SD 05/31/2019 10:10PM ET,SD,7.36
1B,Albert Pujols (12739764),Albert Pujols,12739764,1B,3700,LAA@SEA 05/31/2019 10:10PM ET,LAA,6.83
1B,David Freese (12739823),David Freese,12739823,1B,3600,PHI@LAD 05/31/2019 10:10PM ET,LAD,5.26
C,Austin Barnes (12740006),Austin Barnes,12740006,C,3600,PHI@LAD 05/31/2019 10:10PM ET,LAD,5.98
3B/OF,Scott Kingery (12740201),Scott Kingery,12740201,3B/OF,3600,PHI@LAD 05/31/2019 10:10PM ET,PHI,6.71
OF,Curtis Granderson (12739772),Curtis Granderson,12739772,OF,3600,MIA@SD 05/31/2019 10:10PM ET,MIA,5.22
OF,Jose Pirela (12739880),Jose Pirela,12739880,OF,3600,MIA@SD 05/31/2019 10:10PM ET,SD,0
3B/OF,Brian Anderson (12740035),Brian Anderson,12740035,3B/OF,3600,MIA@SD 05/31/2019 10:10PM ET,MIA,6.11
OF,Harold Ramirez (12740090),Harold Ramirez,12740090,OF,3600,MIA@SD 05/31/2019 10:10PM ET,MIA,7.47
1B/OF,Garrett Cooper (12740118),Garrett Cooper,12740118,1B/OF,3600,MIA@SD 05/31/2019 10:10PM ET,MIA,6.55
C,Francisco Mejia (12740137),Francisco Mejia,12740137,C,3600,MIA@SD 05/31/2019 10:10PM ET,SD,2.84
SS,Tim Beckham (12739851),Tim Beckham,12739851,SS,3600,LAA@SEA 05/31/2019 10:10PM ET,SEA,7.78
OF,Stephen Piscotty (12739922),Stephen Piscotty,12739922,OF,3500,HOU@OAK 05/31/2019 10:07PM ET,OAK,7.52
OF,Nick Martini (12740004),Nick Martini,12740004,OF,3500,HOU@OAK 05/31/2019 10:07PM ET,OAK,0
OF,Dustin Fowler (12740123),Dustin Fowler,12740123,OF,3500,HOU@OAK 05/31/2019 10:07PM ET,OAK,0
2B/OF,Kike Hernandez (12739899),Kike Hernandez,12739899,2B/OF,3500,PHI@LAD 05/31/2019 10:10PM ET,LAD,6.33
OF,Alex Dickerson (12739939),Alex Dickerson,12739939,OF,3500,MIA@SD 05/31/2019 10:10PM ET,SD,1.25
OF,Brian Miller (12740260),Brian Miller,12740260,OF,3500,MIA@SD 05/31/2019 10:10PM ET,MIA,0
2B,Jurickson Profar (12739977),Jurickson Profar,12739977,2B,3400,HOU@OAK 05/31/2019 10:07PM ET,OAK,6.82
OF,Derek Fisher (12740021),Derek Fisher,12740021,OF,3400,HOU@OAK 05/31/2019 10:07PM ET,HOU,5.33
OF,Ronnie Dawson (12740221),Ronnie Dawson,12740221,OF,3400,HOU@OAK 05/31/2019 10:07PM ET,HOU,0
OF,Kyle Tucker (12740225),Kyle Tucker,12740225,OF,3400,HOU@OAK 05/31/2019 10:07PM ET,HOU,0
OF,Shane Peterson (12739859),Shane Peterson,12739859,OF,3400,PHI@LAD 05/31/2019 10:10PM ET,LAD,0
OF,Dylan Cozens (12740070),Dylan Cozens,12740070,OF,3400,PHI@LAD 05/31/2019 10:10PM ET,PHI,0
2B/3B,Christian Villanueva (12739931),Christian Villanueva,12739931,2B/3B,3400,MIA@SD 05/31/2019 10:10PM ET,SD,0
OF,Rosell Herrera (12739956),Rosell Herrera,12739956,OF,3400,MIA@SD 05/31/2019 10:10PM ET,MIA,3.08
OF,Gabriel Guerrero (12740011),Gabriel Guerrero,12740011,OF,3400,MIA@SD 05/31/2019 10:10PM ET,MIA,0
OF,Magneuris Sierra (12740107),Magneuris Sierra,12740107,OF,3400,MIA@SD 05/31/2019 10:10PM ET,MIA,0
3B/SS,Joe Dunand (12740188),Joe Dunand,12740188,3B/SS,3400,MIA@SD 05/31/2019 10:10PM ET,MIA,0
1B,Justin Bour (12739911),Justin Bour,12739911,1B,3400,LAA@SEA 05/31/2019 10:10PM ET,LAA,5.27
3B,Kaleb Cowart (12739964),Kaleb Cowart,12739964,3B,3400,LAA@SEA 05/31/2019 10:10PM ET,LAA,0
1B,Jared Walsh (12740153),Jared Walsh,12740153,1B,3400,LAA@SEA 05/31/2019 10:10PM ET,LAA,4.38
OF,Robbie Grossman (12739866),Robbie Grossman,12739866,OF,3300,HOU@OAK 05/31/2019 10:07PM ET,OAK,6.15
1B/3B,Eric Campbell (12739867),Eric Campbell,12739867,1B/3B,3300,HOU@OAK 05/31/2019 10:07PM ET,OAK,0
1B,AJ Reed (12740038),AJ Reed,12740038,1B,3300,HOU@OAK 05/31/2019 10:07PM ET,HOU,0
C,Bruce Maxwell (12740068),Bruce Maxwell,12740068,C,3300,HOU@OAK 05/31/2019 10:07PM ET,OAK,0
2B/OF,Chad Pinder (12740095),Chad Pinder,12740095,2B/OF,3300,HOU@OAK 05/31/2019 10:07PM ET,OAK,5.72
OF,Ramon Laureano (12740178),Ramon Laureano,12740178,OF,3300,HOU@OAK 05/31/2019 10:07PM ET,OAK,6.42
OF,Tyler Ramirez (12740219),Tyler Ramirez,12740219,OF,3300,HOU@OAK 05/31/2019 10:07PM ET,OAK,0
1B,Edwin Rios (12740151),Edwin Rios,12740151,1B,3300,PHI@LAD 05/31/2019 10:10PM ET,LAD,0
2B/SS,Dixon Machado (12739927),Dixon Machado,12739927,2B/SS,3300,MIA@SD 05/31/2019 10:10PM ET,MIA,0
OF,Travis Jankowski (12740001),Travis Jankowski,12740001,OF,3300,MIA@SD 05/31/2019 10:10PM ET,SD,0
OF,Josh Naylor (12740227),Josh Naylor,12740227,OF,3300,MIA@SD 05/31/2019 10:10PM ET,SD,4.8
3B,Kyle Seager (12739888),Kyle Seager,12739888,3B,3300,LAA@SEA 05/31/2019 10:10PM ET,SEA,5.33
C,Kevan Smith (12740043),Kevan Smith,12740043,C,3300,LAA@SEA 05/31/2019 10:10PM ET,LAA,5.82
3B,Taylor Ward (12740208),Taylor Ward,12740208,3B,3300,LAA@SEA 05/31/2019 10:10PM ET,LAA,1.25
C,Robinson Chirinos (12739768),Robinson Chirinos,12739768,C,3200,HOU@OAK 05/31/2019 10:07PM ET,HOU,7.02
OF,Josh Reddick (12739824),Josh Reddick,12739824,OF,3200,HOU@OAK 05/31/2019 10:07PM ET,HOU,6.71
C/OF,Chris Herrmann (12739870),Chris Herrmann,12739870,C/OF,3200,HOU@OAK 05/31/2019 10:07PM ET,OAK,0
C,Beau Taylor (12739999),Beau Taylor,12739999,C,3200,HOU@OAK 05/31/2019 10:07PM ET,OAK,0
3B,Sheldon Neuse (12740134),Sheldon Neuse,12740134,3B,3200,HOU@OAK 05/31/2019 10:07PM ET,OAK,0
2B/SS,Franklin Barreto (12740140),Franklin Barreto,12740140,2B/SS,3200,HOU@OAK 05/31/2019 10:07PM ET,OAK,0
OF,J.J. Matijevic (12740185),J.J. Matijevic,12740185,OF,3200,HOU@OAK 05/31/2019 10:07PM ET,HOU,0
OF,Myles Straw (12740240),Myles Straw,12740240,OF,3200,HOU@OAK 05/31/2019 10:07PM ET,HOU,0
C,Russell Martin (12739771),Russell Martin,12739771,C,3200,PHI@LAD 05/31/2019 10:10PM ET,LAD,5.08
3B,Trevor Plouffe (12739790),Trevor Plouffe,12739790,3B,3200,PHI@LAD 05/31/2019 10:10PM ET,PHI,0
OF,Paulo Orlando (12739808),Paulo Orlando,12739808,OF,3200,PHI@LAD 05/31/2019 10:10PM ET,LAD,0
OF,Lane Adams (12739903),Lane Adams,12739903,OF,3200,PHI@LAD 05/31/2019 10:10PM ET,PHI,0
2B/OF,Chris Taylor (12740051),Chris Taylor,12740051,2B/OF,3200,PHI@LAD 05/31/2019 10:10PM ET,LAD,4.94
OF,Drew Jackson (12740086),Drew Jackson,12740086,OF,3200,PHI@LAD 05/31/2019 10:10PM ET,LAD,0.67
OF,Jeren Kendall (12740186),Jeren Kendall,12740186,OF,3200,PHI@LAD 05/31/2019 10:10PM ET,LAD,0
3B,Deven Marrero (12739906),Deven Marrero,12739906,3B,3200,MIA@SD 05/31/2019 10:10PM ET,MIA,0
SS,JT Riddle (12739984),JT Riddle,12739984,SS,3200,MIA@SD 05/31/2019 10:10PM ET,MIA,2.73
OF,Austin Dean (12740072),Austin Dean,12740072,OF,3200,MIA@SD 05/31/2019 10:10PM ET,MIA,4.21
2B,Luis Urias (12740161),Luis Urias,12740161,2B,3200,MIA@SD 05/31/2019 10:10PM ET,SD,2
OF,Monte Harrison (12740166),Monte Harrison,12740166,OF,3200,MIA@SD 05/31/2019 10:10PM ET,MIA,0
OF,Denard Span (12739776),Denard Span,12739776,OF,3200,LAA@SEA 05/31/2019 10:10PM ET,SEA,0
SS,J.P. Crawford (12740113),J.P. Crawford,12740113,SS,3200,LAA@SEA 05/31/2019 10:10PM ET,SEA,6.24
2B/SS,Luis Rengifo (12740148),Luis Rengifo,12740148,2B/SS,3200,LAA@SEA 05/31/2019 10:10PM ET,LAA,5.5
OF,Dom Thompson-Williams (12740184),Dom Thompson-Williams,12740184,OF,3200,LAA@SEA 05/31/2019 10:10PM ET,SEA,0
1B/2B,Corban Joseph (12739861),Corban Joseph,12739861,1B/2B,3100,HOU@OAK 05/31/2019 10:07PM ET,OAK,0
SS,Jorge Mateo (12740065),Jorge Mateo,12740065,SS,3100,HOU@OAK 05/31/2019 10:07PM ET,OAK,0
OF,Luis Barrera (12740105),Luis Barrera,12740105,OF,3100,HOU@OAK 05/31/2019 10:07PM ET,OAK,0
1B/3B,Yuli Gurriel (12740146),Yuli Gurriel,12740146,1B/3B,3100,HOU@OAK 05/31/2019 10:07PM ET,HOU,6.52
3B/SS,Sean Rodriguez (12739780),Sean Rodriguez,12739780,3B/SS,3100,PHI@LAD 05/31/2019 10:10PM ET,PHI,4.64
OF,Odubel Herrera (12739930),Odubel Herrera,12739930,OF,3100,PHI@LAD 05/31/2019 10:10PM ET,PHI,5.28
OF,Andrew Toles (12739970),Andrew Toles,12739970,OF,3100,PHI@LAD 05/31/2019 10:10PM ET,LAD,0
3B,Maikel Franco (12739978),Maikel Franco,12739978,3B,3100,PHI@LAD 05/31/2019 10:10PM ET,PHI,6.35
3B/SS,Mitch Walding (12740018),Mitch Walding,12740018,3B/SS,3100,PHI@LAD 05/31/2019 10:10PM ET,PHI,0
1B/OF,Matt Beaty (12740045),Matt Beaty,12740045,1B/OF,3100,PHI@LAD 05/31/2019 10:10PM ET,LAD,4.07
SS,Gavin Lux (12740263),Gavin Lux,12740263,SS,3100,PHI@LAD 05/31/2019 10:10PM ET,LAD,0
2B,Ian Kinsler (12739779),Ian Kinsler,12739779,2B,3100,MIA@SD 05/31/2019 10:10PM ET,SD,4.91
SS,Isan Diaz (12740168),Isan Diaz,12740168,SS,3100,MIA@SD 05/31/2019 10:10PM ET,MIA,0
SS,Bryson Brigman (12740194),Bryson Brigman,12740194,SS,3100,MIA@SD 05/31/2019 10:10PM ET,MIA,0
C,Austin Allen (12740231),Austin Allen,12740231,C,3100,MIA@SD 05/31/2019 10:10PM ET,SD,2.2
3B,James Nelson (12740241),James Nelson,12740241,3B,3100,MIA@SD 05/31/2019 10:10PM ET,MIA,0
3B,Ty France (12740244),Ty France,12740244,3B,3100,MIA@SD 05/31/2019 10:10PM ET,SD,4.72
2B/3B,Ryan Schimpf (12739896),Ryan Schimpf,12739896,2B/3B,3100,LAA@SEA 05/31/2019 10:10PM ET,LAA,0
OF,Jarrett Parker (12739946),Jarrett Parker,12739946,OF,3100,LAA@SEA 05/31/2019 10:10PM ET,LAA,0
C,Mike Marjama (12740008),Mike Marjama,12740008,C,3100,LAA@SEA 05/31/2019 10:10PM ET,SEA,0
2B,Shed Long (12740130),Shed Long,12740130,2B,3100,LAA@SEA 05/31/2019 10:10PM ET,SEA,5.36
OF,Jake Fraley (12740204),Jake Fraley,12740204,OF,3100,LAA@SEA 05/31/2019 10:10PM ET,SEA,0
3B/SS,Dylan Moore (12740232),Dylan Moore,12740232,3B/SS,3100,LAA@SEA 05/31/2019 10:10PM ET,SEA,3.43
C,Evan Gattis (12739979),Evan Gattis,12739979,C,3000,HOU@OAK 05/31/2019 10:07PM ET,HOU,0
2B/OF,Tony Kemp (12740092),Tony Kemp,12740092,2B/OF,3000,HOU@OAK 05/31/2019 10:07PM ET,HOU,4.5
SS,Kevin Merrell (12740255),Kevin Merrell,12740255,SS,3000,HOU@OAK 05/31/2019 10:07PM ET,OAK,0
OF,Ezequiel Carrera (12739844),Ezequiel Carrera,12739844,OF,3000,PHI@LAD 05/31/2019 10:10PM ET,LAD,0
2B/SS,Daniel Castro (12739993),Daniel Castro,12739993,2B/SS,3000,PHI@LAD 05/31/2019 10:10PM ET,LAD,0
2B/3B,Jesmuel Valentin (12740062),Jesmuel Valentin,12740062,2B/3B,3000,PHI@LAD 05/31/2019 10:10PM ET,PHI,0
C,Connor Wong (12740223),Connor Wong,12740223,C,3000,PHI@LAD 05/31/2019 10:10PM ET,LAD,0
2B/SS,Omar Estevez (12740251),Omar Estevez,12740251,2B/SS,3000,PHI@LAD 05/31/2019 10:10PM ET,LAD,0
1B/3B,Pedro Alvarez (12739852),Pedro Alvarez,12739852,1B/3B,3000,MIA@SD 05/31/2019 10:10PM ET,MIA,0
3B/SS,Miguel Rojas (12739874),Miguel Rojas,12739874,3B/SS,3000,MIA@SD 05/31/2019 10:10PM ET,MIA,5.1
2B/SS,Yadiel Rivera (12739972),Yadiel Rivera,12739972,2B/SS,3000,MIA@SD 05/31/2019 10:10PM ET,MIA,0
C,Austin Hedges (12740017),Austin Hedges,12740017,C,3000,MIA@SD 05/31/2019 10:10PM ET,SD,5.1
C,Luis Torrens (12740139),Luis Torrens,12740139,C,3000,MIA@SD 05/31/2019 10:10PM ET,SD,0
2B/SS,Kristopher Negron (12739820),Kristopher Negron,12739820,2B/SS,3000,LAA@SEA 05/31/2019 10:10PM ET,SEA,0
1B/3B,Jefry Marte (12739876),Jefry Marte,12739876,1B/3B,3000,LAA@SEA 05/31/2019 10:10PM ET,LAA,0
C,Jose Briceno (12739957),Jose Briceno,12739957,C,3000,LAA@SEA 05/31/2019 10:10PM ET,LAA,0
C,Tom Murphy (12740069),Tom Murphy,12740069,C,3000,LAA@SEA 05/31/2019 10:10PM ET,SEA,4.9
OF,Braden Bishop (12740085),Braden Bishop,12740085,OF,3000,LAA@SEA 05/31/2019 10:10PM ET,SEA,1.5
1B,Matt Thaiss (12740129),Matt Thaiss,12740129,1B,3000,LAA@SEA 05/31/2019 10:10PM ET,LAA,0
OF,Jo Adell (12740285),Jo Adell,12740285,OF,3000,LAA@SEA 05/31/2019 10:10PM ET,LAA,0
2B/3B,Cliff Pennington (12739796),Cliff Pennington,12739796,2B/3B,2900,HOU@OAK 05/31/2019 10:07PM ET,OAK,0
2B/SS,Jack Mayfield (12740135),Jack Mayfield,12740135,2B/SS,2900,HOU@OAK 05/31/2019 10:07PM ET,HOU,5.5
C,Sean Murphy (12740222),Sean Murphy,12740222,C,2900,HOU@OAK 05/31/2019 10:07PM ET,OAK,0
OF,Yordan Alvarez (12740278),Yordan Alvarez,12740278,OF,2900,HOU@OAK 05/31/2019 10:07PM ET,HOU,0
OF,Cameron Perkins (12739921),Cameron Perkins,12739921,OF,2900,PHI@LAD 05/31/2019 10:10PM ET,LAD,0
OF,DJ Peters (12740190),DJ Peters,12740190,OF,2900,PHI@LAD 05/31/2019 10:10PM ET,LAD,0
OF,Adam Haseley (12740259),Adam Haseley,12740259,OF,2900,PHI@LAD 05/31/2019 10:10PM ET,PHI,0
3B,Chase Headley (12739804),Chase Headley,12739804,3B,2900,MIA@SD 05/31/2019 10:10PM ET,SD,0
OF,Peter O'Brien (12739998),Peter O'Brien,12739998,OF,2900,MIA@SD 05/31/2019 10:10PM ET,MIA,4.07
C,Dustin Garneau (12739908),Dustin Garneau,12739908,C,2900,LAA@SEA 05/31/2019 10:10PM ET,LAA,4.5
1B,Evan White (12740257),Evan White,12740257,1B,2900,LAA@SEA 05/31/2019 10:10PM ET,SEA,0
2B/SS,Jonathan Arauz (12740248),Jonathan Arauz,12740248,2B/SS,2800,HOU@OAK 05/31/2019 10:07PM ET,HOU,0
OF,Connor Joe (12740150),Connor Joe,12740150,OF,2800,PHI@LAD 05/31/2019 10:10PM ET,LAD,0.88
C,Keibert Ruiz (12740210),Keibert Ruiz,12740210,C,2800,PHI@LAD 05/31/2019 10:10PM ET,LAD,0
C,Will Smith (12740220),Will Smith,12740220,C,2800,PHI@LAD 05/31/2019 10:10PM ET,LAD,5
OF,Isaac Galloway (12739869),Isaac Galloway,12739869,OF,2800,MIA@SD 05/31/2019 10:10PM ET,MIA,2.79
2B,Starlin Castro (12739879),Starlin Castro,12739879,2B,2800,MIA@SD 05/31/2019 10:10PM ET,MIA,5
C,Bryan Holaday (12739945),Bryan Holaday,12739945,C,2800,MIA@SD 05/31/2019 10:10PM ET,MIA,1
C,Chad Wallach (12739988),Chad Wallach,12739988,C,2800,MIA@SD 05/31/2019 10:10PM ET,MIA,3.95
C,Jose Lobaton (12739778),Jose Lobaton,12739778,C,2800,LAA@SEA 05/31/2019 10:10PM ET,SEA,0
2B/3B,Ty Kelly (12739901),Ty Kelly,12739901,2B/3B,2800,LAA@SEA 05/31/2019 10:10PM ET,LAA,0
OF,Kyle Lewis (12740205),Kyle Lewis,12740205,OF,2800,LAA@SEA 05/31/2019 10:10PM ET,SEA,0
OF,Skye Bolt (12740081),Skye Bolt,12740081,OF,2700,HOU@OAK 05/31/2019 10:07PM ET,OAK,2.25
OF,Seth Beer (12740294),Seth Beer,12740294,OF,2700,HOU@OAK 05/31/2019 10:07PM ET,HOU,0
C,Josh Thole (12739801),Josh Thole,12739801,C,2700,PHI@LAD 05/31/2019 10:10PM ET,LAD,0
OF,Shane Robinson (12739817),Shane Robinson,12739817,OF,2700,PHI@LAD 05/31/2019 10:10PM ET,PHI,0
C,Rob Brantly (12739952),Rob Brantly,12739952,C,2700,PHI@LAD 05/31/2019 10:10PM ET,PHI,0
C,Rocky Gale (12739953),Rocky Gale,12739953,C,2700,PHI@LAD 05/31/2019 10:10PM ET,LAD,1.6
C,Andrew Knapp (12739987),Andrew Knapp,12739987,C,2700,PHI@LAD 05/31/2019 10:10PM ET,PHI,2.61
OF,Nick Williams (12740071),Nick Williams,12740071,OF,2700,PHI@LAD 05/31/2019 10:10PM ET,PHI,1.8
C,A.J. Ellis (12739777),A.J. Ellis,12739777,C,2700,MIA@SD 05/31/2019 10:10PM ET,SD,0
OF,Boog Powell (12740077),Boog Powell,12740077,OF,2700,MIA@SD 05/31/2019 10:10PM ET,SD,0
OF,Edward Olivares (12740198),Edward Olivares,12740198,OF,2700,MIA@SD 05/31/2019 10:10PM ET,SD,0
OF,Dustin Ackley (12739882),Dustin Ackley,12739882,OF,2700,LAA@SEA 05/31/2019 10:10PM ET,SEA,0
1B/2B,Jose Fernandez (12740099),Jose Fernandez,12740099,1B/2B,2700,LAA@SEA 05/31/2019 10:10PM ET,LAA,0
OF,Michael Hermosillo (12740125),Michael Hermosillo,12740125,OF,2700,LAA@SEA 05/31/2019 10:10PM ET,LAA,0
3B,Joe Rizzo (12740264),Joe Rizzo,12740264,3B,2700,LAA@SEA 05/31/2019 10:10PM ET,SEA,0
C,Nick Hundley (12739803),Nick Hundley,12739803,C,2600,HOU@OAK 05/31/2019 10:07PM ET,OAK,3.44
C,Max Stassi (12739894),Max Stassi,12739894,C,2600,HOU@OAK 05/31/2019 10:07PM ET,HOU,3.11
SS,Miguelangel Sierra (12740214),Miguelangel Sierra,12740214,SS,2600,HOU@OAK 05/31/2019 10:07PM ET,HOU,0
OF,Cornelius Randolph (12740226),Cornelius Randolph,12740226,OF,2600,PHI@LAD 05/31/2019 10:10PM ET,PHI,0
OF,Mickey Moniak (12740261),Mickey Moniak,12740261,OF,2600,PHI@LAD 05/31/2019 10:10PM ET,PHI,0
1B/3B,Martin Prado (12739783),Martin Prado,12739783,1B/3B,2600,MIA@SD 05/31/2019 10:10PM ET,MIA,3.9
OF,Manuel Margot (12740055),Manuel Margot,12740055,OF,2600,MIA@SD 05/31/2019 10:10PM ET,SD,3.86
OF,Buddy Reed (12740131),Buddy Reed,12740131,OF,2600,MIA@SD 05/31/2019 10:10PM ET,SD,0
OF,Peter Bourjos (12739806),Peter Bourjos,12739806,OF,2600,LAA@SEA 05/31/2019 10:10PM ET,LAA,1.46
OF,Jabari Blash (12739843),Jabari Blash,12739843,OF,2600,LAA@SEA 05/31/2019 10:10PM ET,LAA,0
OF,Jahmai Jones (12740229),Jahmai Jones,12740229,OF,2600,LAA@SEA 05/31/2019 10:10PM ET,LAA,0
1B,Tyler White (12740128),Tyler White,12740128,1B,2500,HOU@OAK 05/31/2019 10:07PM ET,HOU,4.25
OF,Greg Deichmann (12740253),Greg Deichmann,12740253,OF,2500,HOU@OAK 05/31/2019 10:07PM ET,OAK,0
OF,Jameson Hannah (12740282),Jameson Hannah,12740282,OF,2500,HOU@OAK 05/31/2019 10:07PM ET,OAK,0
OF,Austin Beck (12740284),Austin Beck,12740284,OF,2500,HOU@OAK 05/31/2019 10:07PM ET,OAK,0
1B/C,Matt McBride (12739815),Matt McBride,12739815,C/1B,2500,PHI@LAD 05/31/2019 10:10PM ET,PHI,0
2B/OF,Andrew Romine (12739837),Andrew Romine,12739837,2B/OF,2500,PHI@LAD 05/31/2019 10:10PM ET,PHI,0
2B,Daniel Brito (12740213),Daniel Brito,12740213,2B,2500,PHI@LAD 05/31/2019 10:10PM ET,PHI,0
OF,Ichiro Suzuki (12739763),Ichiro Suzuki,12739763,OF,2500,LAA@SEA 05/31/2019 10:10PM ET,SEA,1
OF,Brandon Marsh (12740266),Brandon Marsh,12740266,OF,2500,LAA@SEA 05/31/2019 10:10PM ET,LAA,0
2B/SS,Gregorio Petit (12739785),Gregorio Petit,12739785,2B/SS,2400,PHI@LAD 05/31/2019 10:10PM ET,PHI,0
2B/SS,Gift Ngoepe (12739914),Gift Ngoepe,12739914,2B/SS,2400,PHI@LAD 05/31/2019 10:10PM ET,PHI,0
3B/OF,Cody Asche (12739948),Cody Asche,12739948,3B/OF,2400,PHI@LAD 05/31/2019 10:10PM ET,LAD,0
SS,Arquimedes Gamboa (12740247),Arquimedes Gamboa,12740247,SS,2400,PHI@LAD 05/31/2019 10:10PM ET,PHI,0
OF,Lewis Brinson (12740067),Lewis Brinson,12740067,OF,2400,MIA@SD 05/31/2019 10:10PM ET,MIA,3
OF/SS,Phil Gosselin (12739937),Phil Gosselin,12739937,SS/OF,2300,PHI@LAD 05/31/2019 10:10PM ET,PHI,2.08
SS,Hudson Sanchez (12740265),Hudson Sanchez,12740265,SS,2300,MIA@SD 05/31/2019 10:10PM ET,SD,0
OF,Victor Victor Mesa (12740280),Victor Victor Mesa,12740280,OF,2300,MIA@SD 05/31/2019 10:10PM ET,MIA,0
OF,Chris Young (12739773),Chris Young,12739773,OF,2300,LAA@SEA 05/31/2019 10:10PM ET,LAA,0
OF,Brennon Lund (12740203),Brennon Lund,12740203,OF,2300,LAA@SEA 05/31/2019 10:10PM ET,LAA,0
C,Cal Raleigh (12740256),Cal Raleigh,12740256,C,2300,LAA@SEA 05/31/2019 10:10PM ET,SEA,0
OF,Jarred Kelenic (12740292),Jarred Kelenic,12740292,OF,2300,LAA@SEA 05/31/2019 10:10PM ET,SEA,0
SS,Jeter Downs (12740286),Jeter Downs,12740286,SS,2200,PHI@LAD 05/31/2019 10:10PM ET,LAD,0
C,Chris Stewart (12739770),Chris Stewart,12739770,C,2200,MIA@SD 05/31/2019 10:10PM ET,SD,0
SS,Javy Guerra (12740108),Javy Guerra,12740108,SS,2200,MIA@SD 05/31/2019 10:10PM ET,SD,0
OF,Tristan Pompey (12740243),Tristan Pompey,12740243,OF,2200,MIA@SD 05/31/2019 10:10PM ET,MIA,0
SS,Gabriel Arias (12740289),Gabriel Arias,12740289,SS,2200,MIA@SD 05/31/2019 10:10PM ET,SD,0
OF,Tirso Ornelas (12740290),Tirso Ornelas,12740290,OF,2200,MIA@SD 05/31/2019 10:10PM ET,SD,0
SS,Jeremy Eierman (12740281),Jeremy Eierman,12740281,SS,2100,HOU@OAK 05/31/2019 10:07PM ET,OAK,0
SS,Allen Cordoba (12740110),Allen Cordoba,12740110,SS,2100,MIA@SD 05/31/2019 10:10PM ET,SD,0
OF,Stone Garrett (12740176),Stone Garrett,12740176,OF,2100,MIA@SD 05/31/2019 10:10PM ET,MIA,0
3B/SS,Zack Cozart (12739835),Zack Cozart,12739835,3B/SS,2100,LAA@SEA 05/31/2019 10:10PM ET,LAA,2
OF,Julio Rodriguez (12740291),Julio Rodriguez,12740291,OF,2100,LAA@SEA 05/31/2019 10:10PM ET,SEA,0
OF,Jordyn Adams (12740293),Jordyn Adams,12740293,OF,2100,LAA@SEA 05/31/2019 10:10PM ET,LAA,0
SS,Jeremiah Jackson (12740296),Jeremiah Jackson,12740296,SS,2100,LAA@SEA 05/31/2019 10:10PM ET,LAA,0
3B/OF,Jose Bautista (12739766),Jose Bautista,12739766,3B/OF,2000,PHI@LAD 05/31/2019 10:10PM ET,PHI,0
SS,Ruddy Giron (12740195),Ruddy Giron,12740195,SS,2000,MIA@SD 05/31/2019 10:10PM ET,SD,0
SS,Xavier Edwards (12740295),Xavier Edwards,12740295,SS,2000,MIA@SD 05/31/2019 10:10PM ET,SD,0
SS,Leonardo Rivas (12740211),Leonardo Rivas,12740211,SS,2000,LAA@SEA 05/31/2019 10:10PM ET,LAA,0
SS,Livan Soto (12740288),Livan Soto,12740288,SS,2000,LAA@SEA 05/31/2019 10:10PM ET,LAA,0
